Date,Year,Month,Day,Weekday,Week_Number,Year_Week,Open,High,Low,Close,Volume,Adj Close,Return,Short_MA,Long_MA,Label_x,Label_y,mean_return,volatility
2018/1/2,2018,1,2,Tuesday,0,2018-00,52.0,52.44,51.89,52.41,2119600,45.22,0.014910851000000001,44.19142857,42.7338,green,green,0.26,0.87
2018/1/3,2018,1,3,Wednesday,0,2018-00,51.67,52.17,51.67,52.15,2283600,44.99,-0.004960787,44.29,42.7788,green,green,0.26,0.87
2018/1/4,2018,1,4,Thursday,0,2018-00,52.05,52.31,52.03,52.26,2857400,45.09,0.002109193,44.34071429,42.8372,green,green,0.26,0.87
2018/1/5,2018,1,5,Friday,0,2018-00,52.02,52.18,51.89,52.17,1871100,45.01,-0.001722164,44.41857143,42.8912,green,green,0.26,0.87
2018/1/8,2018,1,8,Monday,1,18-Jan,51.63,51.85,51.62,51.75,1255300,44.65,-0.008050628,44.51642857,42.9354,green,green,1.0,1.5
2018/1/9,2018,1,9,Tuesday,1,18-Jan,51.98,52.25,51.98,52.15,1272700,44.99,0.007729606,44.60571429,42.9896,green,green,1.0,1.5
2018/1/10,2018,1,10,Wednesday,1,18-Jan,53.88,54.18,53.7,53.92,2724500,46.52,0.033940483,44.81428571,43.0714,green,green,1.0,1.5
2018/1/11,2018,1,11,Thursday,1,18-Jan,54.17,54.34,54.09,54.3,1322700,46.85,0.007047389,45.01142857,43.1674,green,green,1.0,1.5
2018/1/12,2018,1,12,Friday,1,18-Jan,54.38,54.88,54.35,54.83,2119700,47.3,0.009760836,45.21785714,43.2718,green,green,1.0,1.5
2018/1/16,2018,1,16,Tuesday,2,18-Feb,54.64,55.2,54.63,54.9,3301500,47.37,0.001276462,45.41785714,43.3792,green,green,0.24,0.75
2018/1/17,2018,1,17,Wednesday,2,18-Feb,54.96,55.7,54.83,55.62,2682700,47.99,0.013114793000000001,45.67071429,43.5048,green,green,0.24,0.75
2018/1/18,2018,1,18,Thursday,2,18-Feb,54.97,55.54,54.91,55.39,2950600,47.79,-0.004135268,45.91214286,43.6264,green,green,0.24,0.75
2018/1/19,2018,1,19,Friday,2,18-Feb,55.1,55.36,55.1,55.36,3266100,47.76,-0.000541536,46.14857143,43.7488,green,green,0.24,0.75
2018/1/22,2018,1,22,Monday,3,18-Mar,55.35,55.5,55.23,55.47,1814800,47.86,0.001986973,46.385,43.8768,green,green,0.023,0.53
2018/1/23,2018,1,23,Tuesday,3,18-Mar,55.37,55.56,55.26,55.46,2032400,47.85,-0.000180305,46.57285714,43.9996,green,green,0.023,0.53
2018/1/24,2018,1,24,Wednesday,3,18-Mar,55.86,55.89,55.4,55.6,2080200,47.97,0.002524482,46.78571429,44.119,green,green,0.023,0.53
2018/1/25,2018,1,25,Thursday,3,18-Mar,55.6,55.6,55.07,55.12,1517000,47.56,-0.008633198,46.96214286,44.2296,green,green,0.023,0.53
2018/1/26,2018,1,26,Friday,3,18-Mar,55.22,55.45,55.01,55.42,1798200,47.81,0.005442687,47.16214286,44.353,green,green,0.023,0.53
2018/1/29,2018,1,29,Monday,4,18-Apr,54.64,54.95,54.61,54.74,1628200,47.23,-0.012270108,47.34642857,44.4638,red,red,-0.78,0.76
2018/1/30,2018,1,30,Tuesday,4,18-Apr,54.5,54.56,54.15,54.2,1703900,46.76,-0.009864604,47.47285714,44.5634,red,red,-0.78,0.76
2018/1/31,2018,1,31,Wednesday,4,18-Apr,54.14,54.28,53.85,53.91,1548200,46.51,-0.0053506230000000005,47.47214286,44.6606,red,red,-0.78,0.76
2018/2/1,2018,2,1,Thursday,4,18-Apr,54.01,54.23,53.9,54.13,1299800,46.7,0.004080915,47.46142857,44.7616,red,red,-0.78,0.76
2018/2/2,2018,2,2,Friday,4,18-Apr,53.73,53.78,53.21,53.29,1617600,45.98,-0.01551816,47.36714286,44.847,red,red,-0.78,0.76
2018/2/5,2018,2,5,Monday,5,18-May,53.02,53.3,51.54,51.58,3265900,44.5,-0.032088581,47.16214286,44.9028,red,red,-0.71,2.0
2018/2/6,2018,2,6,Tuesday,5,18-May,51.09,52.52,50.97,52.35,3959500,45.17,0.014928196000000001,46.96071429,44.9576,red,red,-0.71,2.0
2018/2/7,2018,2,7,Wednesday,5,18-May,51.47,52.2,51.47,51.74,2349700,44.64,-0.011652318,46.73571429,45.0042,red,red,-0.71,2.0
2018/2/8,2018,2,8,Thursday,5,18-May,52.33,52.34,50.85,50.85,2723400,43.87,-0.017201328000000002,46.45785714,45.0354,red,red,-0.71,2.0
2018/2/9,2018,2,9,Friday,5,18-May,51.16,51.7,50.15,51.39,3197400,44.34,0.010619413000000001,46.20642857,45.0624,red,red,-0.71,2.0
2018/2/12,2018,2,12,Monday,6,18-Jun,50.98,51.66,50.79,51.38,2054900,44.33,-0.000194534,45.955,45.0898,green,green,0.94,1.2
2018/2/13,2018,2,13,Tuesday,6,18-Jun,51.63,51.8,51.48,51.68,1414200,44.59,0.005838865,45.71357143,45.1248,green,green,0.94,1.2
2018/2/14,2018,2,14,Wednesday,6,18-Jun,52.33,53.31,52.29,53.2,1806200,45.9,0.02941182,45.595,45.1876,green,green,0.94,1.2
2018/2/15,2018,2,15,Thursday,6,18-Jun,53.86,53.88,53.25,53.75,2080100,46.37,0.01033807,45.49214286,45.2636,green,green,0.94,1.2
2018/2/16,2018,2,16,Friday,6,18-Jun,53.67,54.16,53.62,53.83,1681500,46.44,0.001488432,45.43571429,45.3456,green,green,0.94,1.2
2018/2/20,2018,2,20,Tuesday,7,18-Jul,51.83,52.13,51.54,52.02,3009300,44.88,-0.033624337000000004,45.30142857,45.4054,red,red,-0.71,1.8
2018/2/21,2018,2,21,Wednesday,7,18-Jul,52.32,52.93,52.18,52.18,1987500,45.02,0.003075693,45.195,45.4634,red,red,-0.71,1.8
2018/2/22,2018,2,22,Thursday,7,18-Jul,51.13,51.31,50.77,51.04,1844900,44.94,-0.001760139,45.06928571,45.5104,red,red,-0.71,1.8
2018/2/23,2018,2,23,Friday,7,18-Jul,50.96,51.26,50.93,51.23,1393000,45.11,0.0037225709999999996,45.00714286,45.5464,red,red,-0.71,1.8
2018/2/26,2018,2,26,Monday,8,18-Aug,50.79,51.16,50.74,51.16,1565200,45.04,-0.0013664089999999999,45.04571429,45.575,red,red,-0.69,0.81
2018/2/27,2018,2,27,Tuesday,8,18-Aug,50.46,50.68,50.15,50.16,2137300,44.16,-0.019546477,44.97357143,45.5706,red,red,-0.69,0.81
2018/2/28,2018,2,28,Wednesday,8,18-Aug,50.32,50.39,49.6,49.63,1902700,43.7,-0.010566225,44.90642857,45.5662,red,red,-0.69,0.81
2018/3/1,2018,3,1,Thursday,8,18-Aug,49.93,50.0,49.27,49.6,2673600,43.67,-0.000604533,44.89214286,45.574,red,red,-0.69,0.81
2018/3/2,2018,3,2,Friday,8,18-Aug,49.14,49.52,48.93,49.48,2283700,43.57,-0.002419332,44.83714286,45.5706,red,red,-0.69,0.81
2018/3/5,2018,3,5,Monday,9,18-Sep,48.69,49.47,48.62,49.31,1556300,43.42,-0.003435663,44.77214286,45.567,green,green,0.029,0.54
2018/3/6,2018,3,6,Tuesday,9,18-Sep,49.45,49.49,49.1,49.38,1675300,43.48,0.0014195260000000002,44.69285714,45.5548,green,green,0.029,0.54
2018/3/7,2018,3,7,Wednesday,9,18-Sep,49.11,49.31,48.79,49.24,1216900,43.35,-0.002835115,44.51071429,45.5336,green,green,0.029,0.54
2018/3/8,2018,3,8,Thursday,9,18-Sep,49.12,49.2,48.88,49.09,1278200,43.22,-0.0030463409999999997,44.28571429,45.5066,green,green,0.029,0.54
2018/3/9,2018,3,9,Friday,9,18-Sep,49.26,49.6,49.19,49.55,1311400,43.63,0.009370647,44.085,45.4902,green,green,0.029,0.54
2018/3/12,2018,3,12,Monday,10,18-Oct,49.43,49.56,49.36,49.39,1408200,43.49,-0.003229176,43.98571429,45.4718,green,green,0.019,0.81
2018/3/13,2018,3,13,Tuesday,10,18-Oct,49.4,49.51,48.92,49.04,1423600,43.18,-0.007086483,43.85428571,45.4464,green,green,0.019,0.81
2018/3/14,2018,3,14,Wednesday,10,18-Oct,49.0,49.04,48.64,48.73,1693200,42.91,-0.006321259,43.70928571,45.4136,green,green,0.019,0.81
2018/3/15,2018,3,15,Thursday,10,18-Oct,48.98,49.43,48.96,49.25,1176500,43.36,0.010671091,43.58428571,45.3764,green,green,0.019,0.81
2018/3/16,2018,3,16,Friday,10,18-Oct,49.58,49.82,49.57,49.59,2542100,43.66,0.006903502,43.48571429,45.3498,green,green,0.019,0.81
2018/3/19,2018,3,19,Monday,11,18-Nov,49.65,49.67,49.17,49.43,1204000,43.52,-0.003226572,43.44,45.3184,red,red,-0.94,1.1
2018/3/20,2018,3,20,Tuesday,11,18-Nov,49.61,49.66,49.38,49.44,1257800,43.53,0.000202385,43.42785714,45.2888,red,red,-0.94,1.1
2018/3/21,2018,3,21,Wednesday,11,18-Nov,49.43,49.65,49.09,49.34,1291900,43.44,-0.002022737,43.41142857,45.2646,red,red,-0.94,1.1
2018/3/22,2018,3,22,Thursday,11,18-Nov,48.38,48.49,47.91,48.03,2613500,42.29,-0.026550312000000003,43.32,45.2106,red,red,-0.94,1.1
2018/3/23,2018,3,23,Friday,11,18-Nov,47.81,48.01,47.3,47.3,2916500,41.65,-0.015199042,43.19357143,45.1132,red,red,-0.94,1.1
2018/3/26,2018,3,26,Monday,12,18-Dec,48.12,48.32,47.64,48.24,2863800,42.47,0.019873438,43.12142857,45.0256,green,green,0.2,1.4
2018/3/27,2018,3,27,Tuesday,12,18-Dec,48.38,48.39,47.4,47.61,2286800,41.92,-0.013059823,43.01928571,44.918,green,green,0.2,1.4
2018/3/28,2018,3,28,Wednesday,12,18-Dec,47.5,47.95,47.31,47.73,1806100,42.02,0.0025205460000000002,42.93357143,44.81100000000001,green,green,0.2,1.4
2018/3/29,2018,3,29,Thursday,12,18-Dec,47.45,47.81,47.23,47.67,2413000,41.97,-0.001257104,42.815,44.6906,green,green,0.2,1.4
2018/4/2,2018,4,2,Monday,13,2018-13,47.6,47.73,46.91,47.34,2018900,41.68,-0.00692255,42.68571429,44.5684,red,red,-0.21,0.69
2018/4/3,2018,4,3,Tuesday,13,2018-13,47.3,47.46,46.99,47.45,1849900,41.78,0.00232351,42.58571429,44.4488,red,red,-0.21,0.69
2018/4/4,2018,4,4,Wednesday,13,2018-13,46.75,47.63,46.73,47.6,2019900,41.91,0.00316117,42.51428571,44.3298,red,red,-0.21,0.69
2018/4/5,2018,4,5,Thursday,13,2018-13,47.58,47.87,47.53,47.74,2159600,42.03,0.002941225,42.41928571,44.2134,red,red,-0.21,0.69
2018/4/6,2018,4,6,Friday,13,2018-13,47.34,47.62,46.98,47.17,1887200,41.53,-0.011939855,42.26714286,44.0846,red,red,-0.21,0.69
2018/4/9,2018,4,9,Monday,14,2018-14,47.76,48.16,47.6,47.73,1316500,42.02,0.01187224,42.16,43.9738,green,green,0.82,0.61
2018/4/10,2018,4,10,Tuesday,14,2018-14,48.22,48.37,48.1,48.26,1193000,42.49,0.011104073999999999,42.08571429,43.8674,green,green,0.82,0.61
2018/4/11,2018,4,11,Wednesday,14,2018-14,48.8,48.8,48.39,48.4,1309400,42.61,0.002900911,42.02642857,43.775,green,green,0.82,0.61
2018/4/12,2018,4,12,Thursday,14,2018-14,48.9,49.17,48.79,49.1,1291200,43.23,0.014462778,42.09357143,43.7044,green,green,0.82,0.61
2018/4/13,2018,4,13,Friday,14,2018-14,49.6,49.6,49.05,49.13,1471600,43.26,0.000611058,42.20857143,43.6394,green,green,0.82,0.61
2018/4/16,2018,4,16,Monday,15,2018-15,48.82,48.88,48.55,48.74,1157800,42.91,-0.007938114,42.24,43.5636,green,green,0.2,0.99
2018/4/17,2018,4,17,Tuesday,15,2018-15,48.98,49.0,48.78,48.84,965100,43.0,0.002051698,42.31714286,43.504,green,green,0.2,0.99
2018/4/18,2018,4,18,Wednesday,15,2018-15,48.76,48.89,48.48,48.57,1059900,42.76,-0.00552827,42.37,43.4692,green,green,0.2,0.99
2018/4/19,2018,4,19,Thursday,15,2018-15,49.47,49.73,49.36,49.41,1710500,43.5,0.017294552,42.47928571,43.4358,green,green,0.2,0.99
2018/4/20,2018,4,20,Friday,15,2018-15,49.69,49.78,49.51,49.62,1267400,43.69,0.0042500459999999995,42.62285714,43.4168,green,green,0.2,0.99
2018/4/23,2018,4,23,Monday,16,2018-16,49.86,50.03,49.77,49.95,1283500,43.98,0.006650766,42.78,43.419,green,green,0.25,0.39
2018/4/24,2018,4,24,Tuesday,16,2018-16,50.1,50.39,49.84,49.98,1599700,44.01,0.0006005730000000001,42.93,43.4124,green,green,0.25,0.39
2018/4/25,2018,4,25,Wednesday,16,2018-16,49.93,50.29,49.74,50.12,1277800,44.13,0.002800993,43.08,43.4084,green,green,0.25,0.39
2018/4/26,2018,4,26,Thursday,16,2018-16,49.99,50.14,49.88,49.96,812400,43.99,-0.003192193,43.25571429,43.3964,green,green,0.25,0.39
2018/4/27,2018,4,27,Friday,16,2018-16,49.91,50.33,49.89,50.23,925000,44.23,0.00540425,43.41357143,43.363,green,green,0.25,0.39
2018/4/30,2018,4,30,Monday,17,2018-17,50.35,50.56,50.26,50.26,1108500,44.25,0.000597312,43.53928571,43.3206,red,red,-0.5,0.7
2018/5/1,2018,5,1,Tuesday,17,2018-17,50.2,50.2,49.91,50.13,871300,44.14,-0.002586518,43.64857143,43.2746,red,red,-0.5,0.7
2018/5/2,2018,5,2,Wednesday,17,2018-17,50.19,50.36,49.9,49.96,1024400,43.99,-0.003391201,43.70285714,43.2568,red,red,-0.5,0.7
2018/5/3,2018,5,3,Thursday,17,2018-17,49.95,49.98,49.26,49.84,1839000,43.88,-0.002401899,43.74714286,43.233999999999995,red,red,-0.5,0.7
2018/5/4,2018,5,4,Friday,17,2018-17,47.97,49.04,47.97,48.98,1793800,43.13,-0.017255212,43.76285714,43.1978,red,red,-0.5,0.7
2018/5/7,2018,5,7,Monday,18,2018-18,48.82,48.95,48.71,48.79,1441400,42.96,-0.0038791340000000002,43.76,43.1548,green,green,0.49,0.93
2018/5/8,2018,5,8,Tuesday,18,2018-18,48.37,48.65,48.31,48.63,1335100,42.82,-0.0032792999999999997,43.76428571,43.1104,green,green,0.49,0.93
2018/5/9,2018,5,9,Wednesday,18,2018-18,49.07,49.61,49.06,49.54,1538400,43.62,0.018712586,43.77285714,43.0996,green,green,0.49,0.93
2018/5/10,2018,5,10,Thursday,18,2018-18,49.49,49.96,49.37,49.93,1320800,43.96,0.007872417,43.79214286,43.1048,green,green,0.49,0.93
2018/5/11,2018,5,11,Friday,18,2018-18,50.38,50.45,50.15,50.18,1100500,44.18,0.005007042,43.80642857,43.115,green,green,0.49,0.93
2018/5/14,2018,5,14,Monday,19,2018-19,50.27,50.41,50.16,50.22,821200,44.22,0.00079718,43.82142857,43.128,red,red,0.04,0.25
2018/5/15,2018,5,15,Tuesday,19,2018-19,50.34,50.49,50.12,50.19,1336000,44.19,-0.000597344,43.82571429,43.1434,red,red,0.04,0.25
2018/5/16,2018,5,16,Wednesday,19,2018-19,50.26,50.48,50.18,50.31,1257300,44.3,0.002390805,43.84785714,43.1598,red,red,0.04,0.25
2018/5/17,2018,5,17,Thursday,19,2018-19,49.64,49.8,49.45,49.64,1202500,44.15,-0.003412912,43.84214286,43.1758,red,red,0.04,0.25
2018/5/18,2018,5,18,Friday,19,2018-19,49.97,50.02,49.67,49.78,1085800,44.27,0.00282032,43.84357143,43.1968,red,red,0.04,0.25
2018/5/21,2018,5,21,Monday,20,2018-20,49.86,50.11,49.84,49.97,798500,44.44,0.0038166890000000003,43.865,43.213,red,red,-0.25,1.0
2018/5/22,2018,5,22,Tuesday,20,2018-20,50.66,50.77,50.48,50.51,1347300,44.92,0.010806501000000001,43.93142857,43.2416,red,red,-0.25,1.0
2018/5/23,2018,5,23,Wednesday,20,2018-20,50.02,50.07,49.55,49.76,1401700,44.25,-0.014848496999999999,43.95785714,43.263000000000005,red,red,-0.25,1.0
2018/5/24,2018,5,24,Thursday,20,2018-20,49.55,49.59,49.09,49.33,1222100,43.87,-0.008641497,44.01071429,43.2822,red,red,-0.25,1.0
2018/5/25,2018,5,25,Friday,20,2018-20,49.07,49.28,49.0,49.14,960100,43.7,-0.003851593,44.06357143,43.288999999999994,red,red,-0.25,1.0
2018/5/29,2018,5,29,Tuesday,21,2018-21,48.39,48.63,47.98,48.16,1928000,42.83,-0.019943117,44.06428571,43.2724,red,red,-0.18,1.4
2018/5/30,2018,5,30,Wednesday,21,2018-21,48.04,48.77,48.04,48.64,1510800,43.26,0.009966853000000001,44.03857143,43.2672,red,red,-0.18,1.4
2018/5/31,2018,5,31,Thursday,21,2018-21,48.38,48.49,48.14,48.38,1432500,43.02,-0.005345295,43.97142857,43.257,red,red,-0.18,1.4
2018/6/1,2018,6,1,Friday,21,2018-21,48.84,48.96,48.65,48.77,1294200,43.37,0.00806112,43.91357143,43.2556,red,red,-0.18,1.4
2018/6/4,2018,6,4,Monday,22,2018-22,49.2,49.23,48.98,49.08,920600,43.65,0.006356321999999999,43.87285714,43.2828,green,green,0.25,0.76
2018/6/5,2018,6,5,Tuesday,22,2018-22,48.95,49.0,48.62,48.72,825500,43.33,-0.007334886999999999,43.81142857,43.3164,green,green,0.25,0.76
2018/6/6,2018,6,6,Wednesday,22,2018-22,49.01,49.43,48.9,49.35,2087100,43.89,0.012931008999999999,43.78214286,43.3448,green,green,0.25,0.76
2018/6/7,2018,6,7,Thursday,22,2018-22,49.52,49.63,49.24,49.32,884400,43.86,-0.000607918,43.76142857,43.3836,green,green,0.25,0.76
2018/6/8,2018,6,8,Friday,22,2018-22,49.31,49.44,49.06,49.38,750900,43.91,0.0012164889999999999,43.73571429,43.4214,green,green,0.25,0.76
2018/6/11,2018,6,11,Monday,23,2018-23,48.83,49.45,48.83,49.29,1949500,43.83,-0.001822646,43.69214286,43.4586,red,red,-0.35,0.56
2018/6/12,2018,6,12,Tuesday,23,2018-23,49.37,49.55,49.24,49.26,1044000,43.81,-0.000608571,43.61285714,43.5012,red,red,-0.35,0.56
2018/6/13,2018,6,13,Wednesday,23,2018-23,49.63,49.64,49.3,49.3,1110500,43.84,0.0008120960000000001,43.58357143,43.5424,red,red,-0.35,0.56
2018/6/14,2018,6,14,Thursday,23,2018-23,49.37,49.58,49.13,49.16,1598400,43.72,-0.00283977,43.57285714,43.5786,red,red,-0.35,0.56
2018/6/15,2018,6,15,Friday,23,2018-23,48.54,48.64,48.35,48.51,1417700,43.14,-0.013222146,43.53285714,43.6008,red,red,-0.35,0.56
2018/6/18,2018,6,18,Monday,24,2018-24,48.21,48.52,48.14,48.51,878600,43.14,0.0,43.555,43.633,red,red,-0.23,1.1
2018/6/19,2018,6,19,Tuesday,24,2018-24,47.92,48.2,47.75,48.09,1606800,42.77,-0.008657962,43.52,43.648,red,red,-0.23,1.1
2018/6/20,2018,6,20,Wednesday,24,2018-24,48.73,48.74,48.24,48.25,1131600,42.91,0.0033269709999999997,43.51214286,43.6564,red,red,-0.23,1.1
2018/6/21,2018,6,21,Thursday,24,2018-24,47.77,47.81,47.28,47.42,1674800,42.17,-0.017202183,43.42642857,43.6476,red,red,-0.23,1.1
2018/6/22,2018,6,22,Friday,24,2018-24,48.13,48.29,47.9,47.95,2119200,42.64,0.011176853,43.35428571,43.6358,red,red,-0.23,1.1
2018/6/25,2018,6,25,Monday,25,2018-25,47.24,47.32,47.0,47.16,1575200,41.94,-0.016475436,43.255,43.6094,red,red,-0.33,1.4
2018/6/26,2018,6,26,Tuesday,25,2018-25,47.32,47.6,47.1,47.5,1206800,42.24,0.007209379,43.13714286,43.596000000000004,red,red,-0.33,1.4
2018/6/27,2018,6,27,Wednesday,25,2018-25,47.2,47.36,46.55,46.57,1586700,41.42,-0.019578813,42.96285714,43.5644,red,red,-0.33,1.4
2018/6/28,2018,6,28,Thursday,25,2018-25,46.77,47.04,46.65,46.94,1118800,41.74,0.007945015,42.80785714,43.544,red,red,-0.33,1.4
2018/6/29,2018,6,29,Friday,25,2018-25,47.4,47.67,47.11,47.14,1551900,41.92,0.0042607140000000005,42.67142857,43.5124,red,red,-0.33,1.4
2018/7/2,2018,7,2,Monday,26,2018-26,46.25,46.54,46.23,46.52,1413300,41.37,-0.013152221,42.49714286,43.466,green,green,0.0033,0.93
2018/7/3,2018,7,3,Tuesday,26,2018-26,46.87,46.93,46.71,46.73,1328500,41.56,0.004514025,42.33428571,43.4176,green,green,0.0033,0.93
2018/7/5,2018,7,5,Thursday,26,2018-26,47.05,47.26,46.93,47.11,1171300,41.9,0.008131875,42.20428571,43.3754,green,green,0.0033,0.93
2018/7/6,2018,7,6,Friday,26,2018-26,46.62,47.18,46.51,47.14,1050800,41.92,0.000636824,42.11714286,43.3312,green,green,0.0033,0.93
2018/7/9,2018,7,9,Monday,27,2018-27,47.46,47.89,47.43,47.85,1316200,42.55,0.015061567,42.075,43.3024,green,green,0.13,1.4
2018/7/10,2018,7,10,Tuesday,27,2018-27,47.36,47.54,47.32,47.45,1198800,42.2,-0.008359548,42.03428571,43.2618,green,green,0.13,1.4
2018/7/11,2018,7,11,Wednesday,27,2018-27,47.09,47.27,46.7,46.77,1190300,41.59,-0.014330907,41.94,43.2086,green,green,0.13,1.4
2018/7/12,2018,7,12,Thursday,27,2018-27,47.5,47.61,47.31,47.55,1288000,42.29,0.016677321999999998,41.94857143,43.1716,green,green,0.13,1.4
2018/7/13,2018,7,13,Friday,27,2018-27,47.49,47.5,47.2,47.44,703000,42.19,-0.0023133529999999998,41.91642857,43.1356,green,green,0.13,1.4
2018/7/16,2018,7,16,Monday,28,2018-28,47.2,47.58,47.16,47.5,993200,42.24,0.001264788,41.93785714,43.1028,red,red,-0.023,0.75
2018/7/17,2018,7,17,Tuesday,28,2018-28,47.19,47.25,47.03,47.04,1084100,41.83,-0.009684156,41.90857143,43.0768,red,red,-0.023,0.75
2018/7/18,2018,7,18,Wednesday,28,2018-28,47.18,47.52,47.09,47.43,1524700,42.18,0.008290844,41.96285714,43.0612,red,red,-0.023,0.75
2018/7/19,2018,7,19,Thursday,28,2018-28,47.33,47.4,47.01,47.14,1015800,41.92,-0.006114278000000001,41.97571429,43.0432,red,red,-0.023,0.75
2018/7/20,2018,7,20,Friday,28,2018-28,47.24,47.48,47.16,47.38,866300,42.14,0.005091165,41.99142857,43.0136,red,red,-0.023,0.75
2018/7/23,2018,7,23,Monday,29,2018-29,47.65,47.91,47.61,47.79,894400,42.5,0.008653509,42.07214286,42.9844,green,green,0.35,0.85
2018/7/24,2018,7,24,Tuesday,29,2018-29,48.67,48.87,48.35,48.41,1379000,43.05,0.012973425,42.17857143,42.9618,green,green,0.35,0.85
2018/7/25,2018,7,25,Wednesday,29,2018-29,48.14,48.56,48.08,48.5,991400,43.13,0.001859078,42.26642857,42.94,green,green,0.35,0.85
2018/7/26,2018,7,26,Thursday,29,2018-29,48.31,48.41,48.0,48.04,938400,42.72,-0.009484481999999999,42.32357143,42.9106,green,green,0.35,0.85
2018/7/27,2018,7,27,Friday,29,2018-29,48.37,48.54,48.06,48.21,1051900,42.87,0.003538658,42.34642857,42.882,green,green,0.35,0.85
2018/7/30,2018,7,30,Monday,30,2018-30,48.15,48.4,48.11,48.17,1093700,42.84,-0.000829695,42.39214286,42.8558,red,red,-0.42,1.4
2018/7/31,2018,7,31,Tuesday,30,2018-30,48.72,48.81,48.4,48.42,1392400,43.06,0.005189965,42.49714286,42.8316,red,red,-0.42,1.4
2018/8/1,2018,8,1,Wednesday,30,2018-30,47.58,47.78,47.39,47.41,1264800,42.16,-0.020859087,42.48785714,42.786,red,red,-0.42,1.4
2018/8/2,2018,8,2,Thursday,30,2018-30,46.42,46.64,46.35,46.61,1337700,41.45,-0.016873991,42.435,42.7166,red,red,-0.42,1.4
2018/8/3,2018,8,3,Friday,30,2018-30,47.13,47.29,47.07,47.19,1236100,41.97,0.012443596000000001,42.41571429,42.67100000000001,red,red,-0.42,1.4
2018/8/6,2018,8,6,Monday,31,2018-31,46.54,46.58,46.27,46.42,1327900,41.28,-0.016317186,42.37642857,42.6192,red,red,-0.34,1.1
2018/8/7,2018,8,7,Tuesday,31,2018-31,47.04,47.13,46.7,46.74,930300,41.57,0.006893786999999999,42.33285714,42.5766,red,red,-0.34,1.1
2018/8/8,2018,8,8,Wednesday,31,2018-31,47.06,47.25,46.96,47.15,1011200,41.93,0.008771906,42.33357143,42.5586,red,red,-0.34,1.1
2018/8/9,2018,8,9,Thursday,31,2018-31,47.27,47.32,46.91,46.97,893200,41.77,-0.0038177,42.30714286,42.5288,red,red,-0.34,1.1
2018/8/10,2018,8,10,Friday,31,2018-31,47.27,47.27,46.19,46.39,1715500,41.26,-0.012348133,42.21857143,42.4936,red,red,-0.34,1.1
2018/8/13,2018,8,13,Monday,32,2018-32,46.16,46.3,45.93,45.99,1177200,40.9,-0.008622734,42.065,42.4442,red,red,-0.42,0.89
2018/8/14,2018,8,14,Tuesday,32,2018-32,46.05,46.17,45.97,46.02,1178900,40.93,0.0006523319999999999,41.90785714,42.3898,red,red,-0.42,0.89
2018/8/15,2018,8,15,Wednesday,32,2018-32,45.36,45.36,45.05,45.27,1680900,40.26,-0.016297209,41.73214286,42.3284,red,red,-0.42,0.89
2018/8/16,2018,8,16,Thursday,32,2018-32,45.19,45.28,45.02,45.08,1038100,40.54,0.00692422,41.56571429,42.2614,red,red,-0.42,0.89
2018/8/17,2018,8,17,Friday,32,2018-32,44.66,45.02,44.57,44.92,950000,40.39,-0.003549155,41.39071429,42.192,red,red,-0.42,0.89
2018/8/20,2018,8,20,Monday,33,2018-33,44.97,45.14,44.93,45.05,870100,40.51,0.002893841,41.20857143,42.123999999999995,red,red,-0.18,0.78
2018/8/21,2018,8,21,Tuesday,33,2018-33,45.04,45.25,44.96,45.09,1079700,40.55,0.0008879739999999999,41.09357143,42.0584,red,red,-0.18,0.78
2018/8/22,2018,8,22,Wednesday,33,2018-33,45.19,45.26,44.96,45.19,1163200,40.64,0.002217871,41.03571429,41.995,red,red,-0.18,0.78
2018/8/23,2018,8,23,Thursday,33,2018-33,44.58,44.71,44.41,44.48,1533400,40.0,-0.015711436999999998,40.895,41.9182,red,red,-0.18,0.78
2018/8/24,2018,8,24,Friday,33,2018-33,44.58,44.7,44.52,44.52,918700,40.03,0.0008994480000000001,40.80571429,41.8444,red,red,-0.18,0.78
2018/8/27,2018,8,27,Monday,34,2018-34,44.81,45.4,44.81,45.33,907700,40.76,0.018193861999999998,40.74785714,41.7968,red,red,-0.22,1.4
2018/8/28,2018,8,28,Tuesday,34,2018-34,45.17,45.24,44.9,44.91,888200,40.38,-0.009265197,40.63714286,41.7416,red,red,-0.22,1.4
2018/8/29,2018,8,29,Wednesday,34,2018-34,44.87,45.13,44.81,45.09,1023000,40.55,0.004007770999999999,40.55,41.6972,red,red,-0.22,1.4
2018/8/30,2018,8,30,Thursday,34,2018-34,44.41,44.56,44.28,44.34,1235100,39.87,-0.016633374,40.45071429,41.6364,red,red,-0.22,1.4
2018/8/31,2018,8,31,Friday,34,2018-34,44.1,44.22,43.86,44.01,1074000,39.58,-0.007442371,40.35642857,41.5846,red,red,-0.22,1.4
2018/9/4,2018,9,4,Tuesday,35,2018-35,43.89,44.16,43.74,44.1,948600,39.66,0.002044817,40.26571429,41.525,red,red,-0.68,0.62
2018/9/5,2018,9,5,Wednesday,35,2018-35,43.99,44.1,43.68,43.78,1248800,39.37,-0.007256243000000001,40.20214286,41.4736,red,red,-0.68,0.62
2018/9/6,2018,9,6,Thursday,35,2018-35,43.65,43.69,43.19,43.3,1317000,38.94,-0.010963823999999999,40.08785714,41.4076,red,red,-0.68,0.62
2018/9/7,2018,9,7,Friday,35,2018-35,42.82,43.01,42.79,42.82,1477000,38.51,-0.011085264,39.95357143,41.3494,red,red,-0.68,0.62
2018/9/10,2018,9,10,Monday,36,2018-36,43.07,43.1,42.87,42.91,1200400,38.59,0.0021016439999999997,39.81642857,41.2864,green,green,0.34,0.73
2018/9/11,2018,9,11,Tuesday,36,2018-36,42.53,42.92,42.46,42.81,1293200,38.5,-0.00233035,39.67,41.218,green,green,0.34,0.73
2018/9/12,2018,9,12,Wednesday,36,2018-36,42.75,42.99,42.63,42.93,1365300,38.6,0.002803011,39.52428571,41.1626,green,green,0.34,0.73
2018/9/13,2018,9,13,Thursday,36,2018-36,43.54,43.67,43.47,43.61,1767000,39.22,0.015839728,39.46857143,41.1158,green,green,0.34,0.73
2018/9/14,2018,9,14,Friday,36,2018-36,43.51,43.63,43.39,43.55,1330900,39.16,-0.001375845,39.40642857,41.06100000000001,green,green,0.34,0.73
2018/9/17,2018,9,17,Monday,37,2018-37,43.68,43.72,43.49,43.53,780100,39.14,-0.000459182,39.29071429,41.0054,green,green,0.63,1.1
2018/9/18,2018,9,18,Tuesday,37,2018-37,43.3,43.42,43.27,43.29,1087500,38.93,-0.005513395,39.18714286,40.933,green,green,0.63,1.1
2018/9/19,2018,9,19,Wednesday,37,2018-37,44.01,44.33,43.97,44.19,1191600,39.74,0.020789926,39.12928571,40.8838,green,green,0.63,1.1
2018/9/20,2018,9,20,Thursday,37,2018-37,44.84,44.9,44.55,44.79,1353900,40.28,0.013577768,39.15857143,40.8576,green,green,0.63,1.1
2018/9/21,2018,9,21,Friday,37,2018-37,44.93,45.06,44.81,44.92,887100,40.39,0.00290243,39.21642857,40.8196,green,green,0.63,1.1
2018/9/24,2018,9,24,Monday,38,2018-38,45.15,45.16,44.56,44.65,2116800,40.15,-0.006010744,39.25142857,40.7788,red,red,-0.41,0.95
2018/9/25,2018,9,25,Tuesday,38,2018-38,44.95,45.04,44.72,44.76,1242400,40.25,0.002463566,39.31428571,40.739000000000004,red,red,-0.41,0.95
2018/9/26,2018,9,26,Wednesday,38,2018-38,45.22,45.33,44.88,44.9,1699300,40.38,0.003127855,39.41714286,40.71,red,red,-0.41,0.95
2018/9/27,2018,9,27,Thursday,38,2018-38,45.18,45.28,44.85,44.88,1427200,40.36,-0.000445376,39.54928571,40.6736,red,red,-0.41,0.95
2018/9/28,2018,9,28,Friday,38,2018-38,44.2,44.3,43.95,43.99,1541400,39.56,-0.019830693,39.61857143,40.6264,red,red,-0.41,0.95
2018/10/1,2018,10,1,Monday,39,2018-39,44.0,44.2,43.98,44.11,995800,39.67,0.002727823,39.70214286,40.577,red,red,-0.074,0.97
2018/10/2,2018,10,2,Tuesday,39,2018-39,43.48,43.64,43.38,43.6,1354700,39.21,-0.011562021,39.74571429,40.5112,red,red,-0.074,0.97
2018/10/3,2018,10,3,Wednesday,39,2018-39,43.99,44.3,43.89,44.16,1301800,39.71,0.012844096999999999,39.78071429,40.4444,red,red,-0.074,0.97
2018/10/4,2018,10,4,Thursday,39,2018-39,44.47,44.65,43.96,44.2,1219100,39.75,0.0009057739999999999,39.82285714,40.3768,red,red,-0.074,0.97
2018/10/5,2018,10,5,Friday,39,2018-39,44.13,44.13,43.7,43.82,1222000,39.4,-0.008597305,39.84142857,40.3104,red,red,-0.074,0.97
2018/10/8,2018,10,8,Monday,40,2018-40,43.45,43.63,43.17,43.56,1343000,39.17,-0.005933356999999999,39.85857143,40.2364,red,red,-0.62,0.95
2018/10/9,2018,10,9,Tuesday,40,2018-40,43.42,43.65,43.21,43.5,1296800,39.12,-0.001377424,39.81428571,40.162,red,red,-0.62,0.95
2018/10/10,2018,10,10,Wednesday,40,2018-40,43.97,43.98,43.17,43.17,1500200,38.82,-0.007586280999999999,39.71,40.0772,red,red,-0.62,0.95
2018/10/11,2018,10,11,Thursday,40,2018-40,42.54,42.56,41.59,41.78,3867500,38.01,-0.020857548,39.54,39.9942,red,red,-0.62,0.95
2018/10/12,2018,10,12,Friday,40,2018-40,42.3,42.3,41.48,41.98,2150300,38.19,0.004786913,39.4,39.929,red,red,-0.62,0.95
2018/10/15,2018,10,15,Monday,41,2018-41,41.64,42.03,41.59,41.76,1887800,37.99,-0.005240538,39.23857143,39.8494,red,red,-0.73,1.5
2018/10/16,2018,10,16,Tuesday,41,2018-41,41.45,41.79,41.34,41.73,1770000,37.97,-0.000718311,39.06642857,39.7832,red,red,-0.73,1.5
2018/10/17,2018,10,17,Wednesday,41,2018-41,41.38,41.84,41.2,41.53,1490800,37.78,-0.004792949,38.88214286,39.7074,red,red,-0.73,1.5
2018/10/18,2018,10,18,Thursday,41,2018-41,40.87,40.94,40.01,40.15,12463200,36.53,-0.033228817,38.66571429,39.5994,red,red,-0.73,1.5
2018/10/19,2018,10,19,Friday,41,2018-41,40.64,40.76,40.37,40.46,9964600,36.81,0.007720949,38.46142857,39.5002,red,red,-0.73,1.5
2018/10/22,2018,10,22,Monday,42,2018-42,40.61,40.66,40.25,40.35,6436700,36.71,-0.0027187070000000003,38.28285714,39.4092,red,red,-0.9,1.6
2018/10/23,2018,10,23,Tuesday,42,2018-42,39.71,39.8,39.26,39.4,8433200,35.85,-0.023543922999999998,38.00714286,39.3082,red,red,-0.9,1.6
2018/10/24,2018,10,24,Wednesday,42,2018-42,39.19,39.19,38.54,38.57,4870800,35.09,-0.021066047,37.67428571,39.1914,red,red,-0.9,1.6
2018/10/25,2018,10,25,Thursday,42,2018-42,38.99,39.31,38.85,39.14,3032700,35.61,0.014778305,37.40357143,39.0984,red,red,-0.9,1.6
2018/10/26,2018,10,26,Friday,42,2018-42,38.63,38.91,38.23,38.66,3658900,35.17,-0.012263692,37.11785714,38.991,red,red,-0.9,1.6
2018/10/29,2018,10,29,Monday,43,2018-43,40.93,41.04,39.94,40.18,4054400,36.55,0.039317252000000004,36.93428571,38.9142,green,green,1.7,1.3
2018/10/30,2018,10,30,Tuesday,43,2018-43,40.5,40.72,40.35,40.67,2676200,37.0,0.012194941,36.80428571,38.844,green,green,1.7,1.3
2018/10/31,2018,10,31,Wednesday,43,2018-43,41.16,41.38,41.07,41.09,2499400,37.38,0.010327004,36.75928571,38.7806,green,green,1.7,1.3
2018/11/1,2018,11,1,Thursday,43,2018-43,41.47,41.56,41.33,41.56,2240500,37.81,0.011438526000000001,36.73214286,38.724000000000004,green,green,1.7,1.3
2018/11/2,2018,11,2,Friday,43,2018-43,42.33,42.36,41.73,41.96,2120500,38.17,0.009624504,36.745,38.6874,green,green,1.7,1.3
2018/11/5,2018,11,5,Monday,44,2018-44,41.86,42.02,41.52,41.7,2119500,37.94,-0.006196352,36.74285714,38.6456,red,red,-0.35,1.1
2018/11/6,2018,11,6,Tuesday,44,2018-44,41.58,41.79,41.53,41.79,2043000,38.02,0.002158233,36.76,38.5908,red,red,-0.35,1.1
2018/11/7,2018,11,7,Wednesday,44,2018-44,42.15,42.28,41.83,42.28,2092000,38.47,0.011725322,36.89857143,38.5526,red,red,-0.35,1.1
2018/11/8,2018,11,8,Thursday,44,2018-44,42.26,42.41,41.79,41.93,1586600,38.15,-0.008278081,36.99428571,38.5046,red,red,-0.35,1.1
2018/11/9,2018,11,9,Friday,44,2018-44,41.24,41.37,41.07,41.23,2799200,37.51,-0.016694458,37.05142857,38.4574,red,red,-0.35,1.1
2018/11/12,2018,11,12,Monday,45,2018-45,41.24,41.24,40.8,40.88,1609600,37.19,-0.008488998000000001,37.14714286,38.4096,green,green,0.49,1.3
2018/11/13,2018,11,13,Tuesday,45,2018-45,41.51,42.02,41.48,41.79,2919100,38.02,0.022260178999999998,37.35642857,38.3768,green,green,0.49,1.3
2018/11/14,2018,11,14,Wednesday,45,2018-45,42.1,42.1,41.34,41.77,1899500,38.0,-0.000478497,37.52714286,38.3494,green,green,0.49,1.3
2018/11/15,2018,11,15,Thursday,45,2018-45,41.45,42.42,41.35,42.4,2151200,38.57,0.015082616,37.77,38.342,green,green,0.49,1.3
2018/11/16,2018,11,16,Friday,45,2018-45,41.83,42.28,41.77,42.24,1909900,38.43,-0.003773592,37.90428571,38.3404,green,green,0.49,1.3
2018/11/19,2018,11,19,Monday,46,2018-46,42.19,42.24,41.65,41.91,1588300,38.13,-0.00781252,37.985,38.3312,red,red,-0.29,1.7
2018/11/20,2018,11,20,Tuesday,46,2018-46,41.26,41.39,40.96,41.05,1539800,37.35,-0.020520237,37.98285714,38.3082,red,red,-0.29,1.7
2018/11/21,2018,11,21,Wednesday,46,2018-46,42.18,42.28,41.87,41.87,1519000,38.09,0.019975588,38.00285714,38.298,red,red,-0.29,1.7
2018/11/23,2018,11,23,Friday,46,2018-46,41.92,41.94,41.71,41.74,775600,37.97,-0.003104735,37.98857143,38.273,red,red,-0.29,1.7
2018/11/26,2018,11,26,Monday,47,2018-47,43.04,43.28,43.03,43.17,2172100,39.28,0.034259557999999996,38.08428571,38.2754,green,green,0.39,1.9
2018/11/27,2018,11,27,Tuesday,47,2018-47,42.88,43.04,42.68,42.85,1571300,38.98,-0.007412472,38.15285714,38.2722,green,green,0.39,1.9
2018/11/28,2018,11,28,Wednesday,47,2018-47,42.77,43.32,42.57,43.27,1936400,39.37,0.009801615,38.21714286,38.281,green,green,0.39,1.9
2018/11/29,2018,11,29,Thursday,47,2018-47,42.72,42.99,42.69,42.81,1519600,38.95,-0.010630833000000001,38.27428571,38.2652,green,green,0.39,1.9
2018/11/30,2018,11,30,Friday,47,2018-47,42.24,42.62,42.21,42.54,1542000,38.7,-0.0063070159999999995,38.35928571,38.2336,green,green,0.39,1.9
2018/12/3,2018,12,3,Monday,48,2018-48,43.47,43.6,43.28,43.47,2232700,39.55,0.0218618,38.52785714,38.2168,red,red,-0.98,2.5
2018/12/4,2018,12,4,Tuesday,48,2018-48,43.26,43.32,42.33,42.55,3637100,38.71,-0.021164036,38.57714286,38.188,red,red,-0.98,2.5
2018/12/6,2018,12,6,Thursday,48,2018-48,40.8,41.01,39.58,41.01,5616400,37.31,-0.036192745,38.52785714,38.1292,red,red,-0.98,2.5
2018/12/7,2018,12,7,Friday,48,2018-48,41.38,41.65,40.68,40.85,2877800,37.16,-0.003901495,38.42714286,38.0648,red,red,-0.98,2.5
2018/12/10,2018,12,10,Monday,49,2018-49,40.74,40.86,39.99,40.41,3089800,36.76,-0.010771109,38.30785714,37.9928,green,green,0.034,1.6
2018/12/11,2018,12,11,Tuesday,49,2018-49,40.87,40.91,40.1,40.26,2524500,36.63,-0.003711953,38.20071429,37.9342,green,green,0.034,1.6
2018/12/12,2018,12,12,Wednesday,49,2018-49,41.38,41.77,41.26,41.35,2489200,37.62,0.027074051000000002,38.22,37.8932,green,green,0.034,1.6
2018/12/13,2018,12,13,Thursday,49,2018-49,41.46,41.56,41.18,41.32,1969800,37.59,-0.000725433,38.18428571,37.8608,green,green,0.034,1.6
2018/12/14,2018,12,14,Friday,49,2018-49,40.69,41.09,40.69,40.9,1247000,37.21,-0.010164651,38.13,37.8108,green,green,0.034,1.6
2018/12/17,2018,12,17,Monday,50,2018-50,40.98,41.07,40.54,40.7,1965000,37.03,-0.004889908,37.96928571,37.7564,red,red,-0.16,1.1
2018/12/18,2018,12,18,Tuesday,50,2018-50,41.17,41.28,40.67,40.79,1923000,37.11,0.002211364,37.83571429,37.7106,red,red,-0.16,1.1
2018/12/19,2018,12,19,Wednesday,50,2018-50,41.12,41.39,40.3,40.34,3763500,36.7,-0.011032219,37.645,37.6612,red,red,-0.16,1.1
2018/12/20,2018,12,20,Thursday,50,2018-50,41.15,41.29,40.74,40.98,4317100,37.28,0.015865176,37.52571429,37.6244,red,red,-0.16,1.1
2018/12/21,2018,12,21,Friday,50,2018-50,40.97,41.45,40.41,40.56,4191900,36.9,-0.010248985,37.39714286,37.586,red,red,-0.16,1.1
2018/12/24,2018,12,24,Monday,51,2018-51,40.54,40.88,40.28,40.37,1771100,36.73,-0.004684446,37.19571429,37.5604,green,green,0.32,1.5
2018/12/26,2018,12,26,Wednesday,51,2018-51,40.64,41.23,40.01,41.23,2421200,37.51,0.021303132000000002,37.11,37.5468,green,green,0.32,1.5
2018/12/27,2018,12,27,Thursday,51,2018-51,40.3,40.7,39.85,40.7,3242700,37.03,-0.012854771999999999,37.09,37.5276,green,green,0.32,1.5
2018/12/28,2018,12,28,Friday,51,2018-51,41.01,41.35,40.88,41.07,2190500,37.36,0.009090855,37.10428571,37.5154,green,green,0.32,1.5
2018/12/31,2018,12,31,Monday,52,2018-52,41.17,41.41,40.85,41.11,1719900,37.4,0.000973872,37.15,37.5078,green,green,0.097,0.0
2019/1/2,2019,1,2,Wednesday,0,2019-00,40.37,40.91,40.25,40.88,2565000,37.19,-0.005594597,37.19,37.521,green,green,0.42,2.2
2019/1/3,2019,1,3,Thursday,0,2019-00,40.53,40.77,40.29,40.43,1479400,36.78,-0.011007931,37.13,37.5204,green,green,0.42,2.2
2019/1/4,2019,1,4,Friday,0,2019-00,41.33,41.85,41.26,41.61,3060900,37.86,0.029186342,37.14928571,37.5434,green,green,0.42,2.2
2019/1/7,2019,1,7,Monday,1,19-Jan,41.04,41.26,40.86,41.05,2212300,37.35,-0.013458378,37.15928571,37.5734,red,red,-0.089,0.78
2019/1/8,2019,1,8,Tuesday,1,19-Jan,41.51,41.57,40.95,41.16,2888300,37.45,0.002679632,37.18928571,37.6206,red,red,-0.089,0.78
2019/1/9,2019,1,9,Wednesday,1,19-Jan,41.46,41.57,41.13,41.44,2733700,37.7,0.00680281,37.23142857,37.6624,red,red,-0.089,0.78
2019/1/10,2019,1,10,Thursday,1,19-Jan,41.13,41.66,41.1,41.53,1690600,37.78,0.002171673,37.30857143,37.7146,red,red,-0.089,0.78
2019/1/11,2019,1,11,Friday,1,19-Jan,41.29,41.66,41.21,41.42,2055900,37.68,-0.00264856,37.33714286,37.7372,red,red,-0.089,0.78
2019/1/14,2019,1,14,Monday,2,19-Feb,40.91,41.32,40.89,40.98,2763000,37.28,-0.010622882,37.36428571,37.7428,green,green,0.24,0.85
2019/1/15,2019,1,15,Tuesday,2,19-Feb,40.95,41.26,40.81,41.22,1962600,37.5,0.00585668,37.41928571,37.7452,green,green,0.24,0.85
2019/1/16,2019,1,16,Wednesday,2,19-Feb,41.43,41.79,41.4,41.54,1480500,37.79,0.007763031,37.43928571,37.7448,green,green,0.24,0.85
2019/1/17,2019,1,17,Thursday,2,19-Feb,41.15,41.54,41.14,41.49,1632500,37.75,-0.001203592,37.49071429,37.7364,green,green,0.24,0.85
2019/1/18,2019,1,18,Friday,2,19-Feb,42.04,42.1,41.8,41.92,1600300,38.14,0.010363829,37.54642857,37.7404,green,green,0.24,0.85
2019/1/22,2019,1,22,Tuesday,3,19-Mar,41.41,41.57,41.25,41.38,2288100,37.65,-0.012881641000000001,37.56428571,37.733000000000004,red,red,-0.031,1.1
2019/1/23,2019,1,23,Wednesday,3,19-Mar,41.7,41.75,41.44,41.64,1219900,37.88,0.006283101,37.61357143,37.7212,red,red,-0.031,1.1
2019/1/24,2019,1,24,Thursday,3,19-Mar,41.17,41.47,41.17,41.41,1410300,37.67,-0.005523489,37.67714286,37.7116,red,red,-0.031,1.1
2019/1/25,2019,1,25,Friday,3,19-Mar,41.87,42.05,41.76,41.86,1606200,38.08,0.010867044,37.69285714,37.723,red,red,-0.031,1.1
2019/1/28,2019,1,28,Monday,4,19-Apr,41.53,41.69,41.44,41.62,1331300,37.87,-0.005733458,37.73,37.7366,red,red,-0.068,1.0
2019/1/29,2019,1,29,Tuesday,4,19-Apr,42.2,42.35,42.04,42.08,1605200,38.28,0.011052387,37.78928571,37.7418,red,red,-0.068,1.0
2019/1/30,2019,1,30,Wednesday,4,19-Apr,42.57,42.68,42.32,42.48,1879800,38.65,0.009505771,37.85714286,37.7548,red,red,-0.068,1.0
2019/1/31,2019,1,31,Thursday,4,19-Apr,41.9,42.14,41.78,42.13,1925700,38.33,-0.008239304,37.89642857,37.75,red,red,-0.068,1.0
2019/2/1,2019,2,1,Friday,4,19-Apr,41.58,41.95,41.53,41.71,1496700,37.95,-0.009968926,37.91571429,37.7404,red,red,-0.068,1.0
2019/2/4,2019,2,4,Monday,5,19-May,41.77,41.99,41.72,41.97,1492500,38.18,0.00623349,37.98,37.7414,green,green,0.021,0.7
2019/2/5,2019,2,5,Tuesday,5,19-May,42.17,42.37,42.09,42.34,901900,38.52,0.008815668,38.05285714,37.7648,green,green,0.021,0.7
2019/2/6,2019,2,6,Wednesday,5,19-May,42.22,42.37,42.05,42.1,1242000,38.3,-0.00566836,38.08928571,37.769,green,green,0.021,0.7
2019/2/7,2019,2,7,Thursday,5,19-May,42.0,42.1,41.61,41.82,1048200,38.05,-0.0066508190000000005,38.11071429,37.7706,green,green,0.021,0.7
2019/2/8,2019,2,8,Friday,5,19-May,41.6,41.75,41.46,41.75,974000,37.98,-0.0016738870000000002,38.09928571,37.7446,green,green,0.021,0.7
2019/2/11,2019,2,11,Monday,6,19-Jun,41.81,41.92,41.65,41.68,1515900,37.92,-0.0016765929999999999,38.11857143,37.7234,green,green,0.5,0.53
2019/2/12,2019,2,12,Tuesday,6,19-Jun,42.03,42.16,41.97,42.1,1085800,38.3,0.010076756,38.14857143,37.702,green,green,0.5,0.53
2019/2/13,2019,2,13,Wednesday,6,19-Jun,42.55,42.68,42.3,42.33,1592400,38.51,0.005463236999999999,38.20857143,37.6932,green,green,0.5,0.53
2019/2/14,2019,2,14,Thursday,6,19-Jun,42.24,42.53,42.13,42.37,2038700,38.55,0.0009448839999999999,38.24214286,37.6902,green,green,0.5,0.53
2019/2/15,2019,2,15,Friday,6,19-Jun,42.79,42.92,42.65,42.8,1562100,38.94,0.010148777,38.31857143,37.678000000000004,green,green,0.5,0.53
2019/2/19,2019,2,19,Tuesday,7,19-Jul,41.16,41.55,40.93,41.52,6951900,37.77,-0.029906596,38.28214286,37.6592,red,red,-0.61,1.8
2019/2/20,2019,2,20,Wednesday,7,19-Jul,41.84,42.22,41.77,42.13,3107900,38.33,0.014691622,38.25928571,37.6796,red,red,-0.61,1.8
2019/2/21,2019,2,21,Thursday,7,19-Jul,40.95,40.96,40.66,40.81,2306100,38.08,-0.006572435,38.24142857,37.698,red,red,-0.61,1.8
2019/2/22,2019,2,22,Friday,7,19-Jul,40.72,40.77,40.6,40.71,1601300,37.98,-0.002450388,38.24357143,37.7224,red,red,-0.61,1.8
2019/2/25,2019,2,25,Monday,8,19-Aug,40.66,40.76,40.53,40.59,1952800,37.87,-0.002947709,38.22142857,37.7472,red,red,-0.047,0.69
2019/2/26,2019,2,26,Tuesday,8,19-Aug,40.54,40.85,40.52,40.76,1667600,38.03,0.004188208,38.18642857,37.7554,red,red,-0.047,0.69
2019/2/27,2019,2,27,Wednesday,8,19-Aug,40.98,41.19,40.94,41.13,1823800,38.38,0.009077528,38.19214286,37.7712,red,red,-0.047,0.69
2019/2/28,2019,2,28,Thursday,8,19-Aug,40.87,41.15,40.78,40.83,2357400,38.1,-0.007293772,38.19571429,37.789,red,red,-0.047,0.69
2019/3/1,2019,3,1,Friday,8,19-Aug,40.77,40.95,40.49,40.61,2006400,37.89,-0.005388433000000001,38.18928571,37.8062,red,red,-0.047,0.69
2019/3/4,2019,3,4,Monday,9,19-Sep,40.7,40.79,40.51,40.68,2050100,37.96,0.001723891,38.19214286,37.8232,green,green,0.13,0.4
2019/3/5,2019,3,5,Tuesday,9,19-Sep,40.88,41.12,40.81,41.0,1677900,38.25,0.007866219,38.18857143,37.8542,green,green,0.13,0.4
2019/3/6,2019,3,6,Wednesday,9,19-Sep,41.08,41.14,40.92,40.97,1071500,38.23,-0.00073174,38.16857143,37.8732,green,green,0.13,0.4
2019/3/7,2019,3,7,Thursday,9,19-Sep,40.94,40.97,40.69,40.87,2177500,38.13,-0.002440819,38.13857143,37.8978,green,green,0.13,0.4
2019/3/8,2019,3,8,Friday,9,19-Sep,40.65,40.91,40.65,40.87,1630600,38.13,0.0,38.08071429,37.9258,green,green,0.13,0.4
2019/3/11,2019,3,11,Monday,10,19-Oct,40.94,41.07,40.92,41.01,1770800,38.26,0.0034254470000000003,38.11571429,37.9408,green,green,0.26,0.25
2019/3/12,2019,3,12,Tuesday,10,19-Oct,41.0,41.13,40.98,41.07,1232700,38.32,0.001463123,38.115,37.9666,green,green,0.26,0.25
2019/3/13,2019,3,13,Wednesday,10,19-Oct,40.98,41.17,40.91,41.12,1975700,38.37,0.001217488,38.13571429,37.9868,green,green,0.26,0.25
2019/3/14,2019,3,14,Thursday,10,19-Oct,41.14,41.28,41.02,41.14,2359300,38.38,0.000486204,38.16428571,38.0064,green,green,0.26,0.25
2019/3/15,2019,3,15,Friday,10,19-Oct,41.13,41.47,41.13,41.41,2898200,38.64,0.006562949,38.21928571,38.0354,green,green,0.26,0.25
2019/3/18,2019,3,18,Monday,11,19-Nov,41.42,41.57,41.31,41.53,2314800,38.75,0.0028978809999999997,38.27071429,38.0748,red,red,-0.48,0.68
2019/3/19,2019,3,19,Tuesday,11,19-Nov,41.49,41.61,41.31,41.38,2119500,38.61,-0.003611712,38.28714286,38.0898,red,red,-0.48,0.68
2019/3/20,2019,3,20,Wednesday,11,19-Nov,41.33,41.46,41.19,41.21,1949500,38.45,-0.0041083479999999995,38.31214286,38.1118,red,red,-0.48,0.68
2019/3/21,2019,3,21,Thursday,11,19-Nov,41.2,41.27,40.99,41.07,3258600,38.32,-0.003397186,38.34285714,38.1292,red,red,-0.48,0.68
2019/3/22,2019,3,22,Friday,11,19-Nov,40.66,40.72,40.34,40.42,2574300,37.71,-0.015826741000000002,38.325,38.1294,red,red,-0.48,0.68
2019/3/25,2019,3,25,Monday,12,19-Dec,40.56,40.66,40.35,40.43,2316200,37.72,0.000247514,38.28714286,38.1282,green,green,0.079,0.27
2019/3/26,2019,3,26,Tuesday,12,19-Dec,40.56,40.64,40.41,40.58,1508300,37.86,0.003710179,38.26071429,38.1318,green,green,0.079,0.27
2019/3/27,2019,3,27,Wednesday,12,19-Dec,40.59,40.72,40.31,40.65,2269800,37.93,0.001724963,38.24642857,38.1448,green,green,0.079,0.27
2019/3/28,2019,3,28,Thursday,12,19-Dec,40.38,40.52,40.28,40.51,2618900,37.8,-0.003444187,38.22285714,38.1508,green,green,0.079,0.27
2019/3/29,2019,3,29,Friday,12,19-Dec,40.68,40.71,40.42,40.58,1968100,37.86,0.001728146,38.19428571,38.1522,green,green,0.079,0.27
2019/4/1,2019,4,1,Monday,13,2019-13,41.39,41.84,41.36,41.76,3113300,38.96,0.02907834,38.24,38.1764,green,green,0.93,1.3
2019/4/2,2019,4,2,Tuesday,13,2019-13,42.16,42.3,42.07,42.15,2877400,39.33,0.009339102,38.30857143,38.2002,green,green,0.93,1.3
2019/4/3,2019,4,3,Wednesday,13,2019-13,42.61,42.72,42.5,42.55,2406100,39.7,0.009489852,38.40285714,38.2412,green,green,0.93,1.3
2019/4/4,2019,4,4,Thursday,13,2019-13,42.18,42.44,42.18,42.3,1447100,39.47,-0.005875413,38.46214286,38.273,green,green,0.93,1.3
2019/4/5,2019,4,5,Friday,13,2019-13,42.6,42.66,42.42,42.48,1407400,39.64,0.0042553140000000005,38.52571429,38.3124,green,green,0.93,1.3
2019/4/8,2019,4,8,Monday,14,2019-14,42.45,42.58,42.33,42.56,1140100,39.71,0.001883226,38.60428571,38.345,green,green,0.26,0.47
2019/4/9,2019,4,9,Tuesday,14,2019-14,42.77,42.79,42.56,42.63,1624800,39.78,0.001644714,38.69928571,38.3832,green,green,0.26,0.47
2019/4/10,2019,4,10,Wednesday,14,2019-14,42.62,42.69,42.25,42.54,4159900,39.69,-0.002111187,38.79714286,38.4114,green,green,0.26,0.47
2019/4/11,2019,4,11,Thursday,14,2019-14,42.66,42.75,42.47,42.59,1388000,39.74,0.00117532,38.94214286,38.4332,green,green,0.26,0.47
2019/4/12,2019,4,12,Friday,14,2019-14,43.16,43.27,43.0,43.04,1618200,40.16,0.010566041000000002,39.11642857,38.4698,green,green,0.26,0.47
2019/4/15,2019,4,15,Monday,15,2019-15,43.04,43.04,42.82,42.89,908000,40.02,-0.0034852840000000004,39.27071429,38.5112,green,green,0.12,0.69
2019/4/16,2019,4,16,Tuesday,15,2019-15,43.33,43.44,43.18,43.33,1297600,40.43,0.010258875,39.44928571,38.5562,green,green,0.12,0.69
2019/4/17,2019,4,17,Wednesday,15,2019-15,43.63,43.63,43.33,43.46,1443100,40.55,0.003000175,39.64571429,38.5968,green,green,0.12,0.69
2019/4/18,2019,4,18,Thursday,15,2019-15,43.34,43.39,43.24,43.25,917400,40.35,-0.004832055,39.82357143,38.6378,green,green,0.12,0.69
2019/4/22,2019,4,22,Monday,16,2019-16,43.09,43.31,43.02,43.22,695400,40.33,-0.000693672,39.92142857,38.6834,red,red,-0.082,0.52
2019/4/23,2019,4,23,Tuesday,16,2019-16,43.06,43.23,43.01,43.15,1144700,40.26,-0.0016195029999999998,39.98785714,38.729,red,red,-0.082,0.52
2019/4/24,2019,4,24,Wednesday,16,2019-16,42.86,42.88,42.71,42.83,1134300,39.96,-0.00741594,40.00642857,38.7698,red,red,-0.082,0.52
2019/4/25,2019,4,25,Thursday,16,2019-16,42.52,42.85,42.48,42.76,1607300,39.9,-0.0016344410000000001,40.03714286,38.8018,red,red,-0.082,0.52
2019/4/26,2019,4,26,Friday,16,2019-16,43.07,43.09,42.95,43.07,1025800,40.19,0.007249705,40.07642857,38.8354,red,red,-0.082,0.52
2019/4/29,2019,4,29,Monday,17,2019-17,43.14,43.38,43.14,43.3,1250500,40.4,0.005340190999999999,40.12571429,38.8724,green,green,0.75,1.3
2019/4/30,2019,4,30,Tuesday,17,2019-17,43.27,43.63,43.18,43.57,1825500,40.65,0.0062354640000000005,40.18785714,38.9066,green,green,0.75,1.3
2019/5/1,2019,5,1,Wednesday,17,2019-17,43.52,43.62,43.19,43.2,2108300,40.31,-0.008491989,40.23214286,38.9574,green,green,0.75,1.3
2019/5/2,2019,5,2,Thursday,17,2019-17,43.5,43.64,43.4,43.47,2154200,40.56,0.0062499930000000006,40.29071429,39.001999999999995,green,green,0.75,1.3
2019/5/3,2019,5,3,Friday,17,2019-17,44.53,44.93,44.49,44.7,2373900,41.71,0.028295313,40.40142857,39.0746,green,green,0.75,1.3
2019/5/6,2019,5,6,Monday,18,2019-18,43.39,43.87,43.33,43.79,2412600,40.86,-0.020357839,40.46142857,39.1322,red,red,-0.83,0.92
2019/5/7,2019,5,7,Tuesday,18,2019-18,43.28,43.29,43.02,43.15,2457200,40.26,-0.014615201999999999,40.44928571,39.18,red,red,-0.83,0.92
2019/5/8,2019,5,8,Wednesday,18,2019-18,42.87,43.0,42.79,42.84,2055800,39.97,-0.007184275,40.40785714,39.2188,red,red,-0.83,0.92
2019/5/9,2019,5,9,Thursday,18,2019-18,42.2,42.82,42.12,42.78,2214100,39.92,-0.001400622,40.37714286,39.2496,red,red,-0.83,0.92
2019/5/10,2019,5,10,Friday,18,2019-18,42.56,42.97,42.4,42.86,1450800,39.99,0.001870116,40.35285714,39.2874,red,red,-0.83,0.92
2019/5/13,2019,5,13,Monday,19,2019-19,42.26,42.37,42.0,42.07,1615700,39.25,-0.018432157,40.28071429,39.3146,red,red,-0.35,1.2
2019/5/14,2019,5,14,Tuesday,19,2019-19,42.16,42.34,42.05,42.15,1500200,39.33,0.001901677,40.23571429,39.342,red,red,-0.35,1.2
2019/5/15,2019,5,15,Wednesday,19,2019-19,42.22,42.67,42.13,42.56,1593300,39.71,0.00972711,40.22214286,39.3712,red,red,-0.35,1.2
2019/5/16,2019,5,16,Thursday,19,2019-19,42.15,42.37,42.13,42.23,1561500,39.87,0.004041800999999999,40.19928571,39.404,red,red,-0.35,1.2
2019/5/17,2019,5,17,Friday,19,2019-19,41.58,41.83,41.55,41.61,1784100,39.29,-0.01468141,40.12,39.4272,red,red,-0.35,1.2
2019/5/20,2019,5,20,Monday,20,2019-20,41.31,41.5,41.24,41.42,1857700,39.11,-0.004566269,40.01,39.4468,green,green,0.19,0.42
2019/5/21,2019,5,21,Tuesday,20,2019-20,41.66,41.83,41.57,41.68,1550400,39.35,0.006277242,39.94142857,39.4686,green,green,0.19,0.42
2019/5/22,2019,5,22,Wednesday,20,2019-20,41.55,41.84,41.55,41.7,1583500,39.37,0.00047985300000000003,39.85642857,39.4896,green,green,0.19,0.42
2019/5/23,2019,5,23,Thursday,20,2019-20,41.69,41.83,41.51,41.81,1777700,39.47,0.002637827,39.69642857,39.5116,green,green,0.19,0.42
2019/5/24,2019,5,24,Friday,20,2019-20,41.96,42.06,41.87,42.0,978400,39.65,0.004544426,39.61,39.537,green,green,0.19,0.42
2019/5/28,2019,5,28,Tuesday,21,2019-21,41.7,41.83,41.56,41.56,1573200,39.24,-0.010476133,39.53714286,39.549,red,red,-0.74,0.55
2019/5/29,2019,5,29,Wednesday,21,2019-21,41.17,41.58,41.17,41.56,2005000,39.24,0.0,39.485,39.5588,red,red,-0.74,0.55
2019/5/30,2019,5,30,Thursday,21,2019-21,41.33,41.43,41.2,41.29,1927300,38.98,-0.006496715,39.41785714,39.5662,red,red,-0.74,0.55
2019/5/31,2019,5,31,Friday,21,2019-21,40.56,40.83,40.5,40.77,2017600,38.49,-0.012593815,39.31071429,39.567,red,red,-0.74,0.55
2019/6/3,2019,6,3,Monday,22,2019-22,40.87,40.96,40.74,40.84,1837300,38.56,0.0017168720000000001,39.26142857,39.5718,green,green,0.34,0.41
2019/6/4,2019,6,4,Tuesday,22,2019-22,41.09,41.26,40.98,41.19,1873200,38.89,0.008570042,39.23,39.5954,green,green,0.34,0.41
2019/6/5,2019,6,5,Wednesday,22,2019-22,41.11,41.18,40.96,41.14,1450100,38.84,-0.0012139030000000001,39.16785714,39.6178,green,green,0.34,0.41
2019/6/6,2019,6,6,Thursday,22,2019-22,41.03,41.26,40.91,41.18,1575100,38.88,0.000972302,39.09714286,39.6382,green,green,0.34,0.41
2019/6/7,2019,6,7,Friday,22,2019-22,41.45,41.6,41.4,41.46,1411700,39.14,0.0067994069999999995,39.08642857,39.6624,green,green,0.34,0.41
2019/6/10,2019,6,10,Monday,23,2019-23,41.58,41.8,41.55,41.64,959900,39.31,0.004341493,39.10071429,39.6926,red,red,-0.34,0.7
2019/6/11,2019,6,11,Tuesday,23,2019-23,41.88,41.9,41.72,41.75,1232200,39.42,0.002641725,39.10571429,39.7238,red,red,-0.34,0.7
2019/6/12,2019,6,12,Wednesday,23,2019-23,41.49,41.49,41.22,41.22,1507800,38.92,-0.012694582,39.07357143,39.723,red,red,-0.34,0.7
2019/6/13,2019,6,13,Thursday,23,2019-23,41.19,41.2,40.98,41.05,1178700,38.76,-0.004124265,39.02285714,39.7116,red,red,-0.34,0.7
2019/6/14,2019,6,14,Friday,23,2019-23,40.74,40.81,40.65,40.76,1684000,38.48,-0.007064549,38.93928571,39.6872,red,red,-0.34,0.7
2019/6/17,2019,6,17,Monday,24,2019-24,41.0,41.04,40.6,40.64,1121500,38.37,-0.0029440020000000003,38.87714286,39.6652,green,green,0.17,1.0
2019/6/18,2019,6,18,Tuesday,24,2019-24,41.15,41.44,41.07,41.24,1701500,38.94,0.014763871000000001,38.85571429,39.6512,green,green,0.17,1.0
2019/6/19,2019,6,19,Wednesday,24,2019-24,41.61,41.62,41.4,41.42,1186100,39.11,0.004364555,38.865,39.6392,green,green,0.17,1.0
2019/6/20,2019,6,20,Thursday,24,2019-24,41.56,41.67,41.45,41.65,2226700,39.32,0.005552945,38.92428571,39.63,green,green,0.17,1.0
2019/6/21,2019,6,21,Friday,24,2019-24,41.11,41.32,41.03,41.1,2861400,38.8,-0.013205355,38.94142857,39.6122,green,green,0.17,1.0
2019/6/24,2019,6,24,Monday,25,2019-25,41.05,41.27,41.02,41.06,902000,38.77,-0.00097315,38.93285714,39.5928,green,green,0.31,0.44
2019/6/25,2019,6,25,Tuesday,25,2019-25,41.09,41.21,40.96,40.98,1164800,38.69,-0.001948492,38.92214286,39.5634,green,green,0.31,0.44
2019/6/26,2019,6,26,Wednesday,25,2019-25,41.39,41.41,41.14,41.16,1695100,38.86,0.0043924440000000006,38.92071429,39.5402,green,green,0.31,0.44
2019/6/27,2019,6,27,Thursday,25,2019-25,41.47,41.57,41.37,41.41,1267400,39.1,0.006073937,38.91785714,39.5136,green,green,0.31,0.44
2019/6/28,2019,6,28,Friday,25,2019-25,41.67,41.87,41.56,41.74,1703400,39.41,0.007968997,38.925,39.4908,green,green,0.31,0.44
2019/7/1,2019,7,1,Monday,26,2019-26,42.0,42.05,41.75,41.87,1219800,39.53,0.0031145590000000003,38.93285714,39.4744,green,green,0.2,0.25
2019/7/2,2019,7,2,Tuesday,26,2019-26,42.02,42.15,41.96,42.08,1209000,39.73,0.005015493,38.99071429,39.4624,green,green,0.2,0.25
2019/7/3,2019,7,3,Wednesday,26,2019-26,42.04,42.16,42.03,42.1,751300,39.75,0.000475291,39.06142857,39.4522,green,green,0.2,0.25
2019/7/5,2019,7,5,Friday,26,2019-26,42.13,42.17,41.9,42.08,1028200,39.73,-0.000475066,39.15071429,39.4476,green,green,0.2,0.25
2019/7/8,2019,7,8,Monday,27,2019-27,41.65,41.87,41.58,41.81,991400,39.47,-0.006416336999999999,39.22928571,39.439,red,red,-0.21,0.33
2019/7/9,2019,7,9,Tuesday,27,2019-27,41.74,41.86,41.66,41.84,1250600,39.5,0.000717541,39.26928571,39.4252,red,red,-0.21,0.33
2019/7/10,2019,7,10,Wednesday,27,2019-27,41.76,41.9,41.58,41.65,1193300,39.32,-0.004541071,39.28428571,39.4036,red,red,-0.21,0.33
2019/7/11,2019,7,11,Thursday,27,2019-27,41.67,41.74,41.6,41.7,1043100,39.37,0.0012004960000000001,39.28785714,39.378,red,red,-0.21,0.33
2019/7/12,2019,7,12,Friday,27,2019-27,41.68,41.72,41.6,41.63,883600,39.3,-0.001678679,39.32357143,39.3578,red,red,-0.21,0.33
2019/7/15,2019,7,15,Monday,28,2019-28,41.8,41.81,41.65,41.7,1036400,39.37,0.001681501,39.36642857,39.334,red,red,-0.14,0.47
2019/7/16,2019,7,16,Tuesday,28,2019-28,41.56,41.73,41.49,41.5,856200,39.18,-0.004796225,39.40142857,39.2834,red,red,-0.14,0.47
2019/7/17,2019,7,17,Wednesday,28,2019-28,41.42,41.44,41.18,41.23,1042300,38.93,-0.006506011,39.40642857,39.2448,red,red,-0.14,0.47
2019/7/18,2019,7,18,Thursday,28,2019-28,41.4,41.45,41.27,41.43,948500,39.12,0.004850802,39.40785714,39.222,red,red,-0.14,0.47
2019/7/19,2019,7,19,Friday,28,2019-28,41.2,41.43,41.2,41.34,1380700,39.03,-0.00217227,39.38071429,39.2032,red,red,-0.14,0.47
2019/7/22,2019,7,22,Monday,29,2019-29,41.4,41.45,41.24,41.43,1124500,39.12,0.0021769989999999998,39.35142857,39.1872,red,red,-0.14,0.77
2019/7/23,2019,7,23,Tuesday,29,2019-29,41.82,41.86,41.64,41.65,1472400,39.32,0.0053102309999999995,39.32214286,39.1738,red,red,-0.14,0.77
2019/7/24,2019,7,24,Wednesday,29,2019-29,41.04,41.14,41.0,41.09,1443600,38.79,-0.013445358000000001,39.25357143,39.1646,red,red,-0.14,0.77
2019/7/25,2019,7,25,Thursday,29,2019-29,41.01,41.11,40.73,40.91,2571300,38.62,-0.004380684,39.17428571,39.1504,red,red,-0.14,0.77
2019/7/26,2019,7,26,Friday,29,2019-29,41.04,41.14,40.97,41.05,926300,38.76,0.0034220920000000003,39.12357143,39.1314,red,red,-0.14,0.77
2019/7/29,2019,7,29,Monday,30,2019-30,40.83,40.94,40.6,40.6,1269400,38.33,-0.010962187,39.04,39.1006,red,red,-0.84,0.28
2019/7/30,2019,7,30,Tuesday,30,2019-30,40.42,40.48,40.3,40.39,1471900,38.13,-0.005172481,38.955,39.0774,red,red,-0.84,0.28
2019/7/31,2019,7,31,Wednesday,30,2019-30,40.1,40.3,39.92,40.16,2099800,37.92,-0.005694353,38.85142857,39.0536,red,red,-0.84,0.28
2019/8/1,2019,8,1,Thursday,30,2019-30,40.11,40.38,39.7,39.72,3585300,37.5,-0.010956216000000001,38.72285714,39.0166,red,red,-0.84,0.28
2019/8/2,2019,8,2,Friday,30,2019-30,39.41,39.42,39.03,39.36,2878000,37.16,-0.009063358,38.565,38.9724,red,red,-0.84,0.28
2019/8/5,2019,8,5,Monday,31,2019-31,38.43,38.49,37.83,37.99,5503800,35.87,-0.034806947000000005,38.32857143,38.9004,red,red,-0.8,1.7
2019/8/6,2019,8,6,Tuesday,31,2019-31,38.62,38.62,38.07,38.32,3278800,36.18,0.008686395999999999,38.13214286,38.830999999999996,red,red,-0.8,1.7
2019/8/7,2019,8,7,Wednesday,31,2019-31,37.98,38.37,37.88,38.27,3152300,36.13,-0.001304819,37.91857143,38.7688,red,red,-0.8,1.7
2019/8/8,2019,8,8,Thursday,31,2019-31,38.11,38.43,37.98,38.35,3152700,36.21,0.002090437,37.71714286,38.7082,red,red,-0.8,1.7
2019/8/9,2019,8,9,Friday,31,2019-31,37.82,37.87,37.53,37.78,3493800,35.67,-0.01486319,37.47071429,38.641999999999996,red,red,-0.8,1.7
2019/8/12,2019,8,12,Monday,32,2019-32,36.81,37.06,36.72,36.79,4140400,34.73,-0.026204255,37.14285714,38.5668,red,red,-0.6,1.9
2019/8/13,2019,8,13,Tuesday,32,2019-32,36.76,37.22,36.71,37.01,4210400,34.94,0.005979854000000001,36.86785714,38.4944,red,red,-0.6,1.9
2019/8/14,2019,8,14,Wednesday,32,2019-32,36.29,36.41,36.0,36.0,10349000,33.99,-0.027289948999999997,36.53714286,38.3964,red,red,-0.6,1.9
2019/8/15,2019,8,15,Thursday,32,2019-32,35.88,35.98,35.62,35.64,6716800,34.12,0.00394371,36.20571429,38.302,red,red,-0.6,1.9
2019/8/16,2019,8,16,Friday,32,2019-32,36.04,36.28,35.99,36.12,4915600,34.58,0.01346805,35.93785714,38.216,red,red,-0.6,1.9
2019/8/19,2019,8,19,Monday,33,2019-33,36.72,36.76,35.62,36.56,3778100,35.0,0.012181576000000001,35.71428571,38.1332,red,red,-0.27,1.1
2019/8/20,2019,8,20,Tuesday,33,2019-33,36.36,36.4,36.13,36.17,2650800,34.63,-0.010667478999999999,35.47928571,38.0396,red,red,-0.27,1.1
2019/8/21,2019,8,21,Wednesday,33,2019-33,36.47,36.5,36.2,36.26,2403800,34.72,0.002488312,35.28071429,37.9456,red,red,-0.27,1.1
2019/8/22,2019,8,22,Thursday,33,2019-33,36.24,36.29,36.07,36.2,1970100,34.66,-0.001654611,35.10214286,37.8604,red,red,-0.27,1.1
2019/8/23,2019,8,23,Friday,33,2019-33,36.13,36.28,35.6,35.63,4864100,34.11,-0.015745842,34.97642857,37.7674,red,red,-0.27,1.1
2019/8/26,2019,8,26,Monday,34,2019-34,35.81,35.86,35.56,35.6,1718900,34.08,-0.000842157,34.82642857,37.6794,green,green,0.15,0.59
2019/8/27,2019,8,27,Tuesday,34,2019-34,35.83,35.84,35.49,35.56,2604700,34.05,-0.0011234489999999999,34.67785714,37.593,green,green,0.15,0.59
2019/8/28,2019,8,28,Wednesday,34,2019-34,35.49,35.63,35.35,35.53,2355300,34.02,-0.000843703,34.52142857,37.4946,green,green,0.15,0.59
2019/8/29,2019,8,29,Thursday,34,2019-34,35.98,36.15,35.87,35.96,3380500,34.43,0.0121025,34.43285714,37.400999999999996,green,green,0.15,0.59
2019/8/30,2019,8,30,Friday,34,2019-34,36.18,36.2,35.84,35.9,2621800,34.37,-0.001668525,34.40714286,37.302,green,green,0.15,0.59
2019/9/3,2019,9,3,Tuesday,35,2019-35,35.76,35.92,35.72,35.88,2868200,34.35,-0.0005570309999999999,34.365,37.213,green,green,0.69,1.1
2019/9/4,2019,9,4,Wednesday,35,2019-35,36.82,36.82,36.67,36.72,4398600,35.16,0.023411209,34.44857143,37.1408,green,green,0.69,1.1
2019/9/5,2019,9,5,Thursday,35,2019-35,36.78,36.89,36.72,36.8,3022200,35.23,0.002178691,34.52785714,37.0716,green,green,0.69,1.1
2019/9/6,2019,9,6,Friday,35,2019-35,36.98,36.98,36.83,36.9,1645700,35.33,0.002717362,34.58142857,37.001,green,green,0.69,1.1
2019/9/9,2019,9,9,Monday,36,2019-36,37.14,37.62,37.1,37.45,4295200,35.86,0.014905207,34.64285714,36.9362,green,green,1.2,0.54
2019/9/10,2019,9,10,Tuesday,36,2019-36,38.04,38.13,37.77,38.12,4841300,36.5,0.017890479,34.77642857,36.878,green,green,1.2,0.54
2019/9/11,2019,9,11,Wednesday,36,2019-36,38.65,38.71,38.49,38.6,3324100,36.96,0.012591848999999999,34.93642857,36.8266,green,green,1.2,0.54
2019/9/12,2019,9,12,Thursday,36,2019-36,38.39,38.82,38.34,38.74,2713600,37.09,0.003626987,35.11,36.7738,green,green,1.2,0.54
2019/9/13,2019,9,13,Friday,36,2019-36,39.13,39.29,39.1,39.14,2659900,37.47,0.010325135,35.35,36.7282,green,green,1.2,0.54
2019/9/16,2019,9,16,Monday,37,2019-37,38.54,38.62,38.33,38.39,2391600,36.76,-0.019161984,35.54142857,36.6688,red,red,-0.5,0.8
2019/9/17,2019,9,17,Tuesday,37,2019-37,38.04,38.35,38.0,38.3,1838100,36.67,-0.002344315,35.72857143,36.6128,red,red,-0.5,0.8
2019/9/18,2019,9,18,Wednesday,37,2019-37,38.08,38.27,38.02,38.2,1531100,36.57,-0.0026109379999999997,35.91071429,36.5542,red,red,-0.5,0.8
2019/9/19,2019,9,19,Thursday,37,2019-37,38.44,38.46,38.23,38.23,1197800,36.6,0.00078529,36.06571429,36.4998,red,red,-0.5,0.8
2019/9/20,2019,9,20,Friday,37,2019-37,38.38,38.46,38.12,38.16,2640800,36.54,-0.001831045,36.22071429,36.4432,red,red,-0.5,0.8
2019/9/23,2019,9,23,Monday,38,2019-38,37.99,38.18,37.91,38.11,1220400,36.49,-0.001310154,36.37357143,36.387,red,red,-0.01,0.33
2019/9/24,2019,9,24,Tuesday,38,2019-38,38.08,38.18,37.84,37.91,1602400,36.3,-0.005248015,36.455,36.3256,red,red,-0.01,0.33
2019/9/25,2019,9,25,Wednesday,38,2019-38,37.84,38.07,37.76,37.98,1197400,36.36,0.0018463960000000001,36.53571429,36.2692,red,red,-0.01,0.33
2019/9/26,2019,9,26,Thursday,38,2019-38,38.42,38.49,38.1,38.1,2228500,36.48,0.003159566,36.61785714,36.2202,red,red,-0.01,0.33
2019/9/27,2019,9,27,Friday,38,2019-38,38.38,38.41,38.01,38.14,1729400,36.52,0.001049837,36.665,36.1682,red,red,-0.01,0.33
2019/9/30,2019,9,30,Monday,39,2019-39,38.44,38.6,38.27,38.27,1716400,36.64,0.0034086259999999997,36.675,36.1204,red,red,-0.49,1.0
2019/10/1,2019,10,1,Tuesday,39,2019-39,38.07,38.09,37.74,37.86,2880100,36.25,-0.010713363,36.62428571,36.063,red,red,-0.49,1.0
2019/10/2,2019,10,2,Wednesday,39,2019-39,37.31,37.33,37.03,37.13,3445500,35.55,-0.019281632,36.51428571,35.9876,red,red,-0.49,1.0
2019/10/3,2019,10,3,Thursday,39,2019-39,37.14,37.42,36.94,37.35,2888000,35.76,0.005925108,36.39214286,35.927,red,red,-0.49,1.0
2019/10/4,2019,10,4,Friday,39,2019-39,36.82,37.25,36.77,37.21,2289800,35.63,-0.0037482659999999997,36.31142857,35.8672,red,red,-0.49,1.0
2019/10/7,2019,10,7,Monday,40,2019-40,37.19,37.33,37.16,37.16,1898800,35.58,-0.001343711,36.23357143,35.8036,green,green,0.81,1.8
2019/10/8,2019,10,8,Tuesday,40,2019-40,36.74,36.83,36.54,36.68,2605100,35.12,-0.012917149,36.13,35.7394,green,green,0.81,1.8
2019/10/9,2019,10,9,Wednesday,40,2019-40,36.91,37.03,36.76,36.93,2461800,35.36,0.00681574,36.04142857,35.684,green,green,0.81,1.8
2019/10/10,2019,10,10,Thursday,40,2019-40,36.64,36.94,36.56,36.9,2559400,35.81,0.012901468000000001,35.98928571,35.6418,green,green,0.81,1.8
2019/10/11,2019,10,11,Friday,40,2019-40,38.47,38.55,38.15,38.2,6553300,37.08,0.035230393,36.03142857,35.6334,green,green,0.81,1.8
2019/10/14,2019,10,14,Monday,41,2019-41,38.07,38.36,38.06,38.24,6630500,37.11,0.001047111,36.08928571,35.6324,green,green,0.28,0.49
2019/10/15,2019,10,15,Tuesday,41,2019-41,37.88,38.73,37.88,38.6,5600900,37.46,0.009414137,36.16785714,35.6642,green,green,0.28,0.49
2019/10/16,2019,10,16,Wednesday,41,2019-41,38.84,38.9,38.63,38.66,2589400,37.52,0.00155444,36.24214286,35.691,green,green,0.28,0.49
2019/10/17,2019,10,17,Thursday,41,2019-41,39.08,39.23,38.83,38.87,2406500,37.73,0.005431895,36.32857143,35.723,green,green,0.28,0.49
2019/10/18,2019,10,18,Friday,41,2019-41,38.68,38.84,38.65,38.73,1742200,37.59,-0.003601665,36.39642857,35.7506,green,green,0.28,0.49
2019/10/21,2019,10,21,Monday,42,2019-42,39.2,39.22,39.08,39.15,1297300,38.0,0.010844356999999999,36.52142857,35.7972,green,green,0.41,0.39
2019/10/22,2019,10,22,Tuesday,42,2019-42,39.36,39.53,39.2,39.21,2700200,38.06,0.001532502,36.70071429,35.8638,green,green,0.41,0.39
2019/10/23,2019,10,23,Wednesday,42,2019-42,39.13,39.36,39.13,39.36,2799600,38.2,0.003825544,36.875,35.929,green,green,0.41,0.39
2019/10/24,2019,10,24,Thursday,42,2019-42,39.67,39.69,39.38,39.46,2458500,38.3,0.002540676,37.06571429,36.0152,green,green,0.41,0.39
2019/10/25,2019,10,25,Friday,42,2019-42,39.22,39.56,39.22,39.52,2189900,38.36,0.001520563,37.26428571,36.1,green,green,0.41,0.39
2019/10/28,2019,10,28,Monday,43,2019-43,38.02,38.22,38.0,38.09,5189100,36.97,-0.036184291,37.39642857,36.1478,red,red,-0.73,1.7
2019/10/29,2019,10,29,Tuesday,43,2019-43,37.94,38.02,37.86,37.97,2099700,36.85,-0.0031504040000000003,37.50285714,36.1848,red,red,-0.73,1.7
2019/10/30,2019,10,30,Wednesday,43,2019-43,37.81,37.97,37.64,37.93,1980100,36.81,-0.001053453,37.57428571,36.2284,red,red,-0.73,1.7
2019/10/31,2019,10,31,Thursday,43,2019-43,37.69,37.8,37.49,37.79,1667600,36.68,-0.003691027,37.54571429,36.2676,red,red,-0.73,1.7
2019/11/1,2019,11,1,Friday,43,2019-43,37.78,38.12,37.75,38.07,2145400,36.95,0.007409402,37.53428571,36.3134,red,red,-0.73,1.7
2019/11/4,2019,11,4,Monday,44,2019-44,38.52,38.57,38.43,38.52,1896800,37.39,0.011820296999999999,37.52928571,36.379,green,green,0.091,0.66
2019/11/5,2019,11,5,Tuesday,44,2019-44,38.43,38.52,38.37,38.43,1575200,37.3,-0.002336401,37.51357143,36.4434,green,green,0.091,0.66
2019/11/6,2019,11,6,Wednesday,44,2019-44,38.42,38.53,38.35,38.5,1957900,37.37,0.001821502,37.48785714,36.5098,green,green,0.091,0.66
2019/11/7,2019,11,7,Thursday,44,2019-44,38.55,38.63,38.37,38.44,2692200,37.31,-0.0015584779999999999,37.46785714,36.5756,green,green,0.091,0.66
2019/11/8,2019,11,8,Friday,44,2019-44,38.26,38.29,38.07,38.24,1627100,37.11,-0.005202865,37.40428571,36.6292,green,green,0.091,0.66
2019/11/11,2019,11,11,Monday,45,2019-45,37.47,37.82,37.46,37.71,1919100,36.6,-0.013859881000000001,37.3,36.6738,red,red,-0.65,1.1
2019/11/12,2019,11,12,Tuesday,45,2019-45,37.79,37.89,37.67,37.68,1858300,36.57,-0.0007955639999999999,37.18357143,36.7182,red,red,-0.65,1.1
2019/11/13,2019,11,13,Wednesday,45,2019-45,36.75,37.02,36.74,36.9,2968100,35.81,-0.020700599,37.00571429,36.7312,red,red,-0.65,1.1
2019/11/14,2019,11,14,Thursday,45,2019-45,36.85,36.88,36.61,36.81,2654000,35.73,-0.002438975,36.81785714,36.7412,red,red,-0.65,1.1
2019/11/15,2019,11,15,Friday,45,2019-45,36.78,37.04,36.74,37.01,5856800,35.92,0.0054331480000000005,36.74285714,36.753,red,red,-0.65,1.1
2019/11/18,2019,11,18,Monday,46,2019-46,37.24,37.31,37.1,37.24,1967400,36.14,0.006214611,36.69214286,36.7586,green,green,0.1,0.84
2019/11/19,2019,11,19,Tuesday,46,2019-46,37.87,37.87,37.38,37.44,2079700,36.34,0.005370519,36.65857143,36.7554,green,green,0.1,0.84
2019/11/20,2019,11,20,Wednesday,46,2019-46,37.18,37.26,37.02,37.1,1946700,36.01,-0.009081164000000001,36.61071429,36.7364,green,green,0.1,0.84
2019/11/21,2019,11,21,Thursday,46,2019-46,36.82,36.91,36.7,36.84,2140300,35.76,-0.007008074,36.52571429,36.7098,green,green,0.1,0.84
2019/11/22,2019,11,22,Friday,46,2019-46,37.29,37.34,37.09,37.19,1680900,36.1,0.00950048,36.43357143,36.6824,green,green,0.1,0.84
2019/11/25,2019,11,25,Monday,47,2019-47,37.53,37.6,37.44,37.59,1634000,36.48,0.010755691000000001,36.375,36.6768,green,green,0.05,0.85
2019/11/26,2019,11,26,Tuesday,47,2019-47,37.45,37.53,37.32,37.53,2238400,36.43,-0.001596206,36.30785714,36.672,green,green,0.05,0.85
2019/11/27,2019,11,27,Wednesday,47,2019-47,37.74,37.76,37.6,37.62,4131000,36.51,0.002398033,36.25071429,36.6708,green,green,0.05,0.85
2019/11/29,2019,11,29,Friday,47,2019-47,37.27,37.31,37.21,37.26,1197100,36.16,-0.009569393,36.18285714,36.662,green,green,0.05,0.85
2019/12/2,2019,12,2,Monday,48,2019-48,36.97,37.0,36.73,36.81,3596600,35.73,-0.012077156,36.12071429,36.6458,red,red,-0.21,1.1
2019/12/3,2019,12,3,Tuesday,48,2019-48,36.3,36.35,36.05,36.33,3648000,35.26,-0.013039918000000001,36.02714286,36.6212,red,red,-0.21,1.1
2019/12/4,2019,12,4,Wednesday,48,2019-48,36.39,36.56,36.31,36.47,2990300,35.4,0.0038534740000000004,35.99785714,36.6032,red,red,-0.21,1.1
2019/12/5,2019,12,5,Thursday,48,2019-48,36.51,36.54,36.29,36.37,1910600,35.3,-0.0027420079999999998,35.96714286,36.582,red,red,-0.21,1.1
2019/12/6,2019,12,6,Friday,48,2019-48,36.95,36.98,36.72,36.87,2120300,35.78,0.013747627,35.95714286,36.568000000000005,red,red,-0.21,1.1
2019/12/9,2019,12,9,Monday,49,2019-49,36.9,37.04,36.8,36.83,2625900,35.75,-0.001084883,35.92928571,36.5526,green,green,0.84,1.0
2019/12/10,2019,12,10,Tuesday,49,2019-49,36.85,36.87,36.69,36.71,1631000,35.63,-0.003258289,35.87857143,36.5324,green,green,0.84,1.0
2019/12/11,2019,12,11,Wednesday,49,2019-49,36.98,37.16,36.89,37.16,2748700,36.07,0.012258313,35.88285714,36.5288,green,green,0.84,1.0
2019/12/12,2019,12,12,Thursday,49,2019-49,37.5,38.0,37.45,37.93,3951500,36.81,0.020721196,35.95785714,36.554,green,green,0.84,1.0
2019/12/13,2019,12,13,Friday,49,2019-49,38.55,38.74,38.24,38.43,3773500,37.3,0.013182208999999999,36.04357143,36.5848,green,green,0.84,1.0
2019/12/16,2019,12,16,Monday,50,2019-50,39.27,39.27,38.91,38.92,2293000,37.77,0.012750412,36.13571429,36.6276,green,green,0.24,0.63
2019/12/17,2019,12,17,Tuesday,50,2019-50,38.9,39.02,38.81,38.91,1582900,37.76,-0.00025691,36.23071429,36.6712,green,green,0.24,0.63
2019/12/18,2019,12,18,Wednesday,50,2019-50,39.01,39.19,38.96,39.03,1792200,37.88,0.003084011,36.32857143,36.7264,green,green,0.24,0.63
2019/12/19,2019,12,19,Thursday,50,2019-50,38.86,39.0,38.81,38.88,1373700,37.74,-0.003843187,36.44142857,36.774,green,green,0.24,0.63
2019/12/20,2019,12,20,Friday,50,2019-50,39.06,39.12,38.87,38.89,1905100,37.75,0.000257174,36.58571429,36.8128,green,green,0.24,0.63
2019/12/23,2019,12,23,Monday,51,2019-51,38.56,38.78,38.56,38.78,1651900,37.64,-0.0028284890000000004,36.75571429,36.824,green,green,0.071,0.41
2019/12/24,2019,12,24,Tuesday,51,2019-51,38.82,38.88,38.69,38.69,579900,37.55,-0.002320838,36.90928571,36.8328,green,green,0.071,0.41
2019/12/26,2019,12,26,Thursday,51,2019-51,38.75,38.92,38.73,38.92,1116900,37.77,0.00594476,37.08571429,36.839,green,green,0.071,0.41
2019/12/27,2019,12,27,Friday,51,2019-51,39.17,39.2,38.97,39.0,1401900,37.85,0.002055479,37.23357143,36.8456,green,green,0.071,0.41
2019/12/30,2019,12,30,Monday,52,2019-52,39.18,39.21,38.95,38.98,1308900,37.83,-0.000512765,37.38214286,36.8476,green,green,0.12,0.24
2019/12/31,2019,12,31,Tuesday,52,2019-52,38.81,39.09,38.81,39.09,1321500,37.94,0.002821959,37.54714286,36.8546,green,green,0.12,0.24
